player,cluster,cluster_label,strike_rate,4s,6s
A Ashish Reddy,4,Rotation Specialist,142.85714285714286,16.0,15.0
A Badoni,3,Steady Opener,125.54455445544555,46.0,24.0
A Chandila,4,Rotation Specialist,57.14285714285714,0.0,0.0
A Chopra,4,Rotation Specialist,70.66666666666667,7.0,0.0
A Choudhary,4,Rotation Specialist,125.0,1.0,1.0
A Dananjaya,4,Rotation Specialist,80.0,0.0,0.0
A Flintoff,3,Steady Opener,108.77192982456141,5.0,2.0
A Kamboj,4,Rotation Specialist,100.0,0.0,0.0
A Kumble,2,Aggressive Finisher,71.42857142857143,3.0,0.0
A Manohar,4,Rotation Specialist,127.62430939226519,21.0,10.0
A Mishra,4,Rotation Specialist,86.5909090909091,31.0,5.0
A Mithun,4,Rotation Specialist,130.76923076923077,4.0,1.0
A Mukund,2,Aggressive Finisher,82.6086956521739,1.0,0.0
A Nehra,2,Aggressive Finisher,65.07936507936508,3.0,1.0
A Nortje,4,Rotation Specialist,96.07843137254902,6.0,0.0
A Raghuvanshi,3,Steady Opener,149.54128440366972,16.0,8.0
A Singh,1,Anchor Batsman,20.0,0.0,0.0
A Symonds,3,Steady Opener,124.71190781049937,74.0,41.0
A Tomar,1,Anchor Batsman,50.0,1.0,0.0
A Uniyal,4,Rotation Specialist,57.14285714285714,0.0,0.0
A Zampa,2,Aggressive Finisher,60.0,1.0,0.0
AA Bilakhia,2,Aggressive Finisher,78.4090909090909,5.0,0.0
AA Chavan,4,Rotation Specialist,109.09090909090908,2.0,0.0
AA Jhunjhunwala,4,Rotation Specialist,99.54128440366972,19.0,5.0
AA Kulkarni,4,Rotation Specialist,112.5,2.0,0.0
AA Noffke,4,Rotation Specialist,75.0,1.0,0.0
AB Agarkar,4,Rotation Specialist,111.87499999999999,13.0,5.0
AB Barath,4,Rotation Specialist,97.67441860465115,5.0,1.0
AB Dinda,2,Aggressive Finisher,52.0,2.0,0.0
AB McDonald,4,Rotation Specialist,119.41747572815532,9.0,4.0
AB de Villiers,0,Power Hitter,148.58044164037855,414.0,253.0
AC Blizzard,3,Steady Opener,131.86813186813185,21.0,2.0
AC Gilchrist,0,Power Hitter,133.05466237942122,239.0,92.0
AC Thomas,4,Rotation Specialist,105.26315789473684,1.0,1.0
AC Voges,3,Steady Opener,126.57342657342659,15.0,3.0
AD Hales,3,Steady Opener,124.36974789915966,13.0,6.0
AD Mascarenhas,4,Rotation Specialist,100.0,5.0,1.0
AD Mathews,3,Steady Opener,120.86811352253757,44.0,29.0
AD Nath,4,Rotation Specialist,90.9090909090909,7.0,2.0
AD Russell,0,Power Hitter,164.22442244224422,171.0,209.0
AF Milne,2,Aggressive Finisher,74.19354838709677,0.0,1.0
AG Murtaza,2,Aggressive Finisher,71.42857142857143,1.0,0.0
AG Paunikar,1,Anchor Batsman,80.32786885245902,9.0,0.0
AJ Finch,3,Steady Opener,123.34905660377358,214.0,78.0
AJ Hosein,3,Steady Opener,145.45454545454547,1.0,1.0
AJ Turner,2,Aggressive Finisher,77.41935483870968,0.0,2.0
AJ Tye,4,Rotation Specialist,115.18987341772151,6.0,5.0
AK Markram,3,Steady Opener,126.4294790343075,73.0,35.0
AL Menaria,3,Steady Opener,109.26430517711172,24.0,18.0
AM Nayar,4,Rotation Specialist,114.28571428571428,55.0,20.0
AM Rahane,0,Power Hitter,120.32141005702437,479.0,103.0
AN Ahmed,4,Rotation Specialist,133.33333333333331,4.0,1.0
AN Ghosh,1,Anchor Batsman,87.5,1.0,0.0
AP Dole,3,Steady Opener,147.82608695652172,3.0,1.0
AP Majumdar,3,Steady Opener,112.98701298701299,7.0,2.0
AP Tare,4,Rotation Specialist,118.94736842105263,40.0,11.0
AR Bawne,4,Rotation Specialist,100.0,1.0,0.0
AR Patel,3,Steady Opener,125.41729893778452,107.0,79.0
AS Joseph,4,Rotation Specialist,84.375,3.0,0.0
AS Rajpoot,1,Anchor Batsman,63.41463414634146,2.0,1.0
AS Raut,4,Rotation Specialist,112.79069767441861,13.0,7.0
AS Roy,4,Rotation Specialist,108.33333333333333,3.0,0.0
AS Yadav,4,Rotation Specialist,122.50000000000001,5.0,2.0
AT Carey,2,Aggressive Finisher,110.34482758620689,0.0,1.0
AT Rayudu,0,Power Hitter,124.58452722063038,359.0,173.0
AU Rashid,4,Rotation Specialist,129.41176470588235,2.0,1.0
AUK Pathan,4,Rotation Specialist,150.0,5.0,2.0
Abdul Basith,4,Rotation Specialist,100.0,0.0,0.0
Abdul Samad,3,Steady Opener,141.91176470588235,37.0,36.0
Abdur Razzak,1,Anchor Batsman,0.0,0.0,0.0
Abhishek Sharma,3,Steady Opener,148.86486486486484,128.0,73.0
Abishek Porel,3,Steady Opener,147.54098360655738,37.0,15.0
Akash Deep,4,Rotation Specialist,158.33333333333331,2.0,1.0
Akash Madhwal,4,Rotation Specialist,80.0,0.0,0.0
Aman Hakim Khan,4,Rotation Specialist,105.50458715596329,8.0,6.0
Anirudh Singh,4,Rotation Specialist,91.30434782608695,6.0,1.0
Ankit Sharma,4,Rotation Specialist,126.08695652173914,7.0,4.0
Ankit Soni,1,Anchor Batsman,77.77777777777779,0.0,1.0
Anmolpreet Singh,4,Rotation Specialist,118.80341880341881,19.0,3.0
Anuj Rawat,4,Rotation Specialist,115.21739130434783,26.0,14.0
Anureet Singh,2,Aggressive Finisher,76.59574468085107,2.0,1.0
Arjun Tendulkar,4,Rotation Specialist,144.44444444444443,0.0,1.0
Arshad Khan,3,Steady Opener,143.28358208955223,5.0,6.0
Arshad Khan (2),4,Rotation Specialist,125.0,1.0,0.0
Arshdeep Singh,1,Anchor Batsman,69.04761904761905,4.0,0.0
Ashutosh Sharma,3,Steady Opener,160.16949152542372,10.0,15.0
Atharva Taide,3,Steady Opener,139.54802259887003,27.0,8.0
Avesh Khan,4,Rotation Specialist,164.0,3.0,3.0
Azhar Mahmood,3,Steady Opener,124.7588424437299,39.0,13.0
Azmatullah Omarzai,4,Rotation Specialist,123.52941176470588,2.0,2.0
B Akhil,4,Rotation Specialist,133.33333333333331,5.0,5.0
B Chipli,4,Rotation Specialist,109.375,28.0,7.0
B Indrajith,2,Aggressive Finisher,67.74193548387096,2.0,0.0
B Kumar,4,Rotation Specialist,90.53254437869822,30.0,3.0
B Laughlin,1,Anchor Batsman,38.46153846153847,0.0,0.0
B Lee,4,Rotation Specialist,121.56862745098039,8.0,8.0
B Sai Sudharsan,3,Steady Opener,134.28571428571428,95.0,32.0
B Stanlake,4,Rotation Specialist,250.0,1.0,0.0
B Sumanth,4,Rotation Specialist,92.10526315789474,3.0,0.0
BA Bhatt,1,Anchor Batsman,85.71428571428571,0.0,1.0
BA Stokes,3,Steady Opener,130.22284122562675,81.0,32.0
BAW Mendis,1,Anchor Batsman,50.0,0.0,0.0
BB McCullum,0,Power Hitter,126.84859154929578,293.0,130.0
BB Samantray,4,Rotation Specialist,107.75862068965519,13.0,2.0
BB Sran,4,Rotation Specialist,71.42857142857143,0.0,0.0
BCJ Cutting,4,Rotation Specialist,163.013698630137,15.0,19.0
BE Hendricks,1,Anchor Batsman,33.33333333333333,0.0,0.0
BJ Haddin,3,Steady Opener,163.63636363636365,2.0,1.0
BJ Hodge,3,Steady Opener,121.42237640936686,122.0,43.0
BJ Rohrer,3,Steady Opener,132.1917808219178,21.0,5.0
BMAJ Mendis,2,Aggressive Finisher,85.18518518518519,0.0,0.0
BR Dunk,4,Rotation Specialist,111.11111111111111,7.0,0.0
BR Sharath,1,Anchor Batsman,40.0,0.0,0.0
Basil Thampi,2,Aggressive Finisher,86.48648648648648,1.0,1.0
Bipul Sharma,4,Rotation Specialist,150.80645161290323,11.0,9.0
C Green,3,Steady Opener,149.78813559322032,62.0,32.0
C Madan,1,Anchor Batsman,71.42857142857143,3.0,0.0
C Munro,3,Steady Opener,122.91666666666667,19.0,8.0
C Nanda,1,Anchor Batsman,0.0,0.0,0.0
C Sakariya,1,Anchor Batsman,64.51612903225806,3.0,0.0
C de Grandhomme,4,Rotation Specialist,132.31441048034935,18.0,18.0
CA Ingram,4,Rotation Specialist,112.02185792349727,22.0,5.0
CA Lynn,3,Steady Opener,136.4476386036961,132.0,66.0
CA Pujara,3,Steady Opener,96.7741935483871,50.0,4.0
CH Gayle,0,Power Hitter,142.1217292377702,408.0,359.0
CH Morris,4,Rotation Specialist,149.636803874092,41.0,35.0
CJ Anderson,3,Steady Opener,123.39449541284404,40.0,31.0
CJ Ferguson,4,Rotation Specialist,82.35294117647058,9.0,0.0
CJ Jordan,4,Rotation Specialist,100.0,3.0,3.0
CJ McKay,2,Aggressive Finisher,53.333333333333336,0.0,0.0
CK Kapugedera,2,Aggressive Finisher,66.66666666666666,0.0,0.0
CK Langeveldt,1,Anchor Batsman,88.88888888888889,0.0,1.0
CL White,3,Steady Opener,125.45219638242895,76.0,38.0
CM Gautam,4,Rotation Specialist,106.9620253164557,17.0,6.0
CR Brathwaite,4,Rotation Specialist,150.83333333333334,10.0,16.0
CR Woakes,4,Rotation Specialist,101.29870129870129,7.0,2.0
CRD Fernando,4,Rotation Specialist,133.33333333333331,0.0,0.0
CV Varun,2,Aggressive Finisher,51.02040816326531,2.0,0.0
D Brevis,3,Steady Opener,130.6818181818182,17.0,16.0
D Ferreira,4,Rotation Specialist,72.72727272727273,0.0,0.0
D Kalyankrishna,1,Anchor Batsman,37.5,0.0,0.0
D Padikkal,3,Steady Opener,117.83824640967498,170.0,42.0
D Pretorius,4,Rotation Specialist,157.14285714285714,3.0,3.0
D Salunkhe,4,Rotation Specialist,137.5,5.0,0.0
D Wiese,4,Rotation Specialist,140.95238095238096,12.0,7.0
D du Preez,4,Rotation Specialist,76.92307692307693,0.0,0.0
DA Miller,0,Power Hitter,134.68447719944726,207.0,134.0
DA Warner,0,Power Hitter,135.4299855640338,663.0,236.0
DAJ Bracewell,4,Rotation Specialist,133.33333333333331,1.0,0.0
DB Das,4,Rotation Specialist,113.85767790262172,23.0,16.0
DB Ravi Teja,4,Rotation Specialist,115.38461538461537,35.0,9.0
DE Bollinger,4,Rotation Specialist,91.30434782608695,1.0,1.0
DG Nalkande,4,Rotation Specialist,100.0,0.0,1.0
DH Yagnik,4,Rotation Specialist,119.71830985915493,23.0,2.0
DJ Bravo,4,Rotation Specialist,125.10024057738573,120.0,66.0
DJ Harris,3,Steady Opener,107.76699029126213,11.0,5.0
DJ Hooda,3,Steady Opener,125.2991452991453,96.0,61.0
DJ Hussey,3,Steady Opener,120.07266121707538,90.0,60.0
DJ Jacobs,4,Rotation Specialist,91.0891089108911,10.0,4.0
DJ Malan,3,Steady Opener,100.0,1.0,1.0
DJ Mitchell,3,Steady Opener,128.1021897810219,28.0,10.0
DJ Muthuswami,1,Anchor Batsman,33.33333333333333,0.0,0.0
DJ Thornely,4,Rotation Specialist,72.22222222222221,2.0,2.0
DJ Willey,4,Rotation Specialist,82.8125,7.0,0.0
DJG Sammy,4,Rotation Specialist,117.52988047808766,15.0,18.0
DJM Short,4,Rotation Specialist,112.74509803921569,11.0,5.0
DL Chahar,4,Rotation Specialist,131.14754098360655,2.0,6.0
DL Vettori,4,Rotation Specialist,102.54237288135593,11.0,2.0
DM Bravo,4,Rotation Specialist,120.0,1.0,0.0
DNT Zoysa,4,Rotation Specialist,122.22222222222223,1.0,0.0
DP Conway,3,Steady Opener,138.11659192825113,100.0,30.0
DP Nannes,1,Anchor Batsman,30.76923076923077,0.0,0.0
DP Vijaykumar,4,Rotation Specialist,100.0,0.0,0.0
DPMD Jayawardene,3,Steady Opener,118.7910643889619,200.0,40.0
DR Martyn,2,Aggressive Finisher,73.07692307692307,1.0,0.0
DR Sams,4,Rotation Specialist,91.66666666666666,1.0,3.0
DR Shorey,2,Aggressive Finisher,65.0,0.0,1.0
DR Smith,0,Power Hitter,132.27953410981698,245.0,117.0
DS Kulkarni,4,Rotation Specialist,92.03539823008849,7.0,2.0
DS Lehmann,4,Rotation Specialist,94.73684210526315,3.0,0.0
DT Christian,4,Rotation Specialist,112.74509803921569,23.0,19.0
DT Patil,4,Rotation Specialist,100.0,1.0,0.0
DW Steyn,4,Rotation Specialist,102.45398773006136,14.0,3.0
Dhruv Jurel,3,Steady Opener,146.41350210970467,29.0,16.0
E Lewis,3,Steady Opener,131.06212424849699,62.0,36.0
EJG Morgan,4,Rotation Specialist,119.05165114309906,112.0,64.0
ER Dwivedi,4,Rotation Specialist,160.0,2.0,2.0
F Behardien,4,Rotation Specialist,107.6923076923077,2.0,0.0
F du Plessis,0,Power Hitter,133.07132459970887,422.0,166.0
FA Allen,2,Aggressive Finisher,73.68421052631578,1.0,0.0
FH Edwards,1,Anchor Batsman,80.0,0.0,0.0
FY Fazal,4,Rotation Specialist,102.23463687150837,22.0,1.0
Fazalhaq Farooqi,1,Anchor Batsman,23.076923076923077,0.0,0.0
G Coetzee,2,Aggressive Finisher,63.63636363636363,0.0,1.0
G Gambhir,0,Power Hitter,119.66515323496027,492.0,59.0
GB Hogg,2,Aggressive Finisher,100.0,1.0,0.0
GC Smith,3,Steady Opener,106.9464544138929,94.0,9.0
GC Viljoen,1,Anchor Batsman,42.857142857142854,0.0,0.0
GD McGrath,1,Anchor Batsman,80.0,1.0,0.0
GD Phillips,4,Rotation Specialist,118.18181818181819,3.0,6.0
GH Vihari,4,Rotation Specialist,85.80060422960725,23.0,1.0
GHS Garton,1,Anchor Batsman,50.0,0.0,0.0
GJ Bailey,3,Steady Opener,120.1086956521739,59.0,19.0
GJ Maxwell,0,Power Hitter,150.4885993485342,233.0,160.0
GR Napier,4,Rotation Specialist,93.75,1.0,0.0
Gulbadin Naib,3,Steady Opener,126.66666666666666,1.0,1.0
Gurkeerat Singh,3,Steady Opener,117.20183486238531,55.0,11.0
H Das,1,Anchor Batsman,40.0,0.0,0.0
H Klaasen,3,Steady Opener,161.99021207177816,56.0,64.0
HC Brook,3,Steady Opener,119.49685534591194,23.0,4.0
HE van der Dussen,4,Rotation Specialist,88.0,2.0,0.0
HF Gurney,1,Anchor Batsman,20.0,0.0,0.0
HH Gibbs,3,Steady Opener,105.8542413381123,83.0,31.0
HH Pandya,0,Power Hitter,139.69128996692393,189.0,137.0
HM Amla,3,Steady Opener,138.03827751196172,60.0,21.0
HR Shokeen,4,Rotation Specialist,98.50746268656717,9.0,0.0
HV Patel,4,Rotation Specialist,116.35514018691589,16.0,15.0
Harbhajan Singh,4,Rotation Specialist,130.9748427672956,79.0,42.0
Harmeet Singh,4,Rotation Specialist,150.0,3.0,0.0
Harpreet Brar,4,Rotation Specialist,115.92039800995025,19.0,9.0
Harpreet Singh,4,Rotation Specialist,103.36134453781514,10.0,3.0
Harshit Rana,1,Anchor Batsman,66.66666666666666,0.0,0.0
I Malhotra,4,Rotation Specialist,175.0,1.0,0.0
I Sharma,4,Rotation Specialist,80.28169014084507,4.0,2.0
I Udana,4,Rotation Specialist,136.36363636363635,1.0,1.0
IC Pandey,1,Anchor Batsman,0.0,0.0,0.0
IK Pathan,4,Rotation Specialist,116.75126903553299,88.0,38.0
IR Jaggi,2,Aggressive Finisher,76.0,6.0,0.0
IS Sodhi,2,Aggressive Finisher,38.88888888888889,0.0,0.0
Imran Tahir,4,Rotation Specialist,89.1891891891892,5.0,0.0
Iqbal Abdulla,4,Rotation Specialist,102.32558139534885,9.0,1.0
Ishan Kishan,0,Power Hitter,132.79758915118032,255.0,119.0
J Arunkumar,4,Rotation Specialist,95.83333333333334,5.0,0.0
J Botha,4,Rotation Specialist,112.36263736263736,39.0,5.0
J Fraser-McGurk,3,Steady Opener,220.00000000000003,32.0,28.0
J Suchith,4,Rotation Specialist,112.90322580645163,6.0,3.0
J Syed Mohammad,4,Rotation Specialist,107.40740740740742,4.0,0.0
J Theron,4,Rotation Specialist,76.92307692307693,1.0,0.0
J Yadav,4,Rotation Specialist,105.26315789473684,2.0,1.0
JA Morkel,3,Steady Opener,136.93820224719101,61.0,55.0
JA Richardson,1,Anchor Batsman,62.96296296296296,2.0,0.0
JC Archer,4,Rotation Specialist,150.75757575757575,11.0,14.0
JC Buttler,0,Power Hitter,142.23898372369987,356.0,161.0
JD Ryder,3,Steady Opener,129.6137339055794,69.0,19.0
JD Unadkat,4,Rotation Specialist,115.88235294117648,16.0,7.0
JDP Oram,4,Rotation Specialist,96.36363636363636,6.0,5.0
JDS Neesham,4,Rotation Specialist,98.9247311827957,6.0,2.0
JE Root,2,Aggressive Finisher,66.66666666666666,1.0,0.0
JE Taylor,4,Rotation Specialist,75.0,0.0,0.0
JEC Franklin,3,Steady Opener,105.8252427184466,25.0,9.0
JH Kallis,3,Steady Opener,105.93627237014405,255.0,44.0
JJ Bumrah,4,Rotation Specialist,85.0,5.0,1.0
JJ Roy,3,Steady Opener,133.47826086956522,75.0,21.0
JJ van der Wath,4,Rotation Specialist,105.88235294117648,1.0,1.0
JL Denly,1,Anchor Batsman,0.0,0.0,0.0
JL Pattinson,4,Rotation Specialist,115.38461538461537,2.0,0.0
JM Bairstow,3,Steady Opener,140.37102473498234,166.0,69.0
JM Kemp,4,Rotation Specialist,104.0,1.0,1.0
JM Sharma,3,Steady Opener,145.70858283433134,53.0,45.0
JO Holder,4,Rotation Specialist,119.35483870967742,13.0,18.0
JP Behrendorff,4,Rotation Specialist,66.66666666666666,0.0,0.0
JP Duminy,3,Steady Opener,120.77380952380952,126.0,79.0
JP Faulkner,4,Rotation Specialist,129.80295566502463,36.0,23.0
JPR Scantlebury-Searles,4,Rotation Specialist,133.33333333333331,0.0,1.0
JR Hazlewood,2,Aggressive Finisher,65.51724137931035,1.0,0.0
JR Hopes,3,Steady Opener,132.80254777070064,49.0,11.0
JR Philippe,4,Rotation Specialist,97.5,9.0,1.0
Jaskaran Singh,4,Rotation Specialist,72.72727272727273,0.0,0.0
Joginder Sharma,4,Rotation Specialist,120.0,1.0,2.0
K Goel,4,Rotation Specialist,91.21338912133892,17.0,9.0
K Gowtham,4,Rotation Specialist,155.34591194968556,15.0,17.0
K Kartikeya,2,Aggressive Finisher,69.23076923076923,1.0,0.0
K Rabada,4,Rotation Specialist,99.51690821256038,16.0,8.0
K Upadhyay,4,Rotation Specialist,133.33333333333331,0.0,1.0
K Yadav,1,Anchor Batsman,0.0,0.0,0.0
KA Jamieson,4,Rotation Specialist,118.18181818181819,5.0,3.0
KA Maharaj,1,Anchor Batsman,50.0,0.0,0.0
KA Pollard,0,Power Hitter,140.45770331017573,221.0,224.0
KAJ Roach,4,Rotation Specialist,111.11111111111111,1.0,0.0
KB Arun Karthik,4,Rotation Specialist,96.22641509433963,4.0,1.0
KC Cariappa,4,Rotation Specialist,114.28571428571428,0.0,2.0
KC Sangakkara,3,Steady Opener,118.4691011235955,195.0,27.0
KD Karthik,0,Power Hitter,131.35340385136968,466.0,161.0
KH Pandya,3,Steady Opener,127.97202797202797,144.0,61.0
KJ Abbott,4,Rotation Specialist,162.5,0.0,1.0
KK Ahmed,1,Anchor Batsman,14.285714285714285,0.0,0.0
KK Cooper,4,Rotation Specialist,165.71428571428572,9.0,8.0
KK Nair,3,Steady Opener,125.503355704698,161.0,39.0
KL Nagarkoti,2,Aggressive Finisher,64.70588235294117,1.0,0.0
KL Rahul,0,Power Hitter,131.05086640581328,400.0,187.0
KM Asif,1,Anchor Batsman,0.0,0.0,0.0
KM Jadhav,4,Rotation Specialist,119.36758893280633,102.0,40.0
KMA Paul,1,Anchor Batsman,69.23076923076923,1.0,1.0
KMDN Kulasekara,4,Rotation Specialist,166.66666666666669,1.0,0.0
KP Appanna,1,Anchor Batsman,50.0,0.0,0.0
KP Pietersen,3,Steady Opener,132.05804749340368,91.0,40.0
KR Mayers,3,Steady Opener,137.31884057971016,38.0,22.0
KR Sen,1,Anchor Batsman,0.0,0.0,0.0
KS Bharat,3,Steady Opener,118.45238095238095,12.0,8.0
KS Sharma,2,Aggressive Finisher,64.0,1.0,0.0
KS Williamson,3,Steady Opener,122.95271049596307,187.0,64.0
KV Sharma,4,Rotation Specialist,114.70588235294117,20.0,17.0
KW Richardson,4,Rotation Specialist,92.3076923076923,2.0,1.0
Kamran Akmal,3,Steady Opener,164.1025641025641,13.0,8.0
Kamran Khan,1,Anchor Batsman,60.0,0.0,0.0
Karanveer Singh,2,Aggressive Finisher,70.58823529411765,1.0,0.0
Kartik Tyagi,2,Aggressive Finisher,81.25,1.0,0.0
Kuldeep Yadav,4,Rotation Specialist,81.69642857142857,16.0,3.0
Kumar Kushagra,1,Anchor Batsman,42.857142857142854,0.0,0.0
L Ablish,1,Anchor Batsman,0.0,0.0,0.0
L Balaji,2,Aggressive Finisher,72.0,2.0,1.0
L Ronchi,1,Anchor Batsman,91.8918918918919,6.0,1.0
L Wood,3,Steady Opener,300.0,0.0,1.0
LA Carseldine,4,Rotation Specialist,114.08450704225352,11.0,0.0
LA Pomersbach,3,Steady Opener,120.3187250996016,25.0,13.0
LB Williams,1,Anchor Batsman,50.0,0.0,0.0
LE Plunkett,1,Anchor Batsman,33.33333333333333,0.0,0.0
LH Ferguson,4,Rotation Specialist,141.66666666666669,6.0,2.0
LJ Wright,3,Steady Opener,168.25396825396825,16.0,3.0
LMP Simmons,3,Steady Opener,122.89293849658314,109.0,44.0
LPC Silva,4,Rotation Specialist,148.14814814814815,5.0,1.0
LR Shukla,4,Rotation Specialist,113.12849162011173,33.0,16.0
LRPL Taylor,3,Steady Opener,120.07083825265643,66.0,46.0
LS Livingstone,3,Steady Opener,154.1871921182266,66.0,66.0
Lalit Yadav,4,Rotation Specialist,101.32890365448506,27.0,7.0
Liton Das,1,Anchor Batsman,100.0,1.0,0.0
M Ashwin,2,Aggressive Finisher,70.0,2.0,1.0
M Jansen,4,Rotation Specialist,92.95774647887323,5.0,2.0
M Kaif,4,Rotation Specialist,100.3875968992248,22.0,6.0
M Kartik,4,Rotation Specialist,103.6697247706422,7.0,1.0
M Klinger,4,Rotation Specialist,93.58974358974359,9.0,0.0
M Manhas,4,Rotation Specialist,105.76131687242798,43.0,10.0
M Markande,4,Rotation Specialist,109.09090909090908,5.0,1.0
M Morkel,4,Rotation Specialist,135.48387096774192,11.0,5.0
M Muralitharan,2,Aggressive Finisher,66.66666666666666,1.0,0.0
M Ntini,1,Anchor Batsman,57.89473684210527,2.0,0.0
M Prasidh Krishna,2,Aggressive Finisher,37.5,0.0,0.0
M Rawat,4,Rotation Specialist,78.57142857142857,4.0,1.0
M Shahrukh Khan,3,Steady Opener,133.89830508474577,35.0,37.0
M Theekshana,1,Anchor Batsman,100.0,0.0,1.0
M Vijay,0,Power Hitter,118.61413043478262,247.0,91.0
M Vohra,3,Steady Opener,125.49246813441484,104.0,43.0
M de Lange,1,Anchor Batsman,50.0,0.0,0.0
MA Agarwal,0,Power Hitter,128.25564632388276,265.0,98.0
MA Khote,4,Rotation Specialist,109.09090909090908,2.0,1.0
MA Starc,4,Rotation Specialist,96.3302752293578,11.0,0.0
MA Wood,4,Rotation Specialist,120.0,1.0,1.0
MC Henriques,3,Steady Opener,124.84394506866417,87.0,28.0
MC Juneja,4,Rotation Specialist,93.28358208955224,11.0,1.0
MD Mishra,4,Rotation Specialist,111.26760563380283,24.0,8.0
MD Shanaka,4,Rotation Specialist,100.0,2.0,1.0
MDKJ Perera,4,Rotation Specialist,107.6923076923077,3.0,0.0
MEK Hussey,3,Steady Opener,119.96359223300972,198.0,52.0
MF Maharoof,4,Rotation Specialist,142.74193548387098,12.0,9.0
MG Bracewell,4,Rotation Specialist,118.36734693877551,6.0,1.0
MG Johnson,4,Rotation Specialist,99.40476190476191,10.0,7.0
MJ Clarke,4,Rotation Specialist,102.08333333333333,12.0,0.0
MJ Guptill,3,Steady Opener,137.56345177664974,24.0,15.0
MJ Lumb,3,Steady Opener,140.4040404040404,45.0,6.0
MJ McClenaghan,4,Rotation Specialist,116.43835616438356,5.0,7.0
MJ Santner,4,Rotation Specialist,90.9090909090909,4.0,3.0
MJ Suthar,1,Anchor Batsman,50.0,0.0,0.0
MK Lomror,4,Rotation Specialist,135.47557840616966,33.0,30.0
MK Pandey,0,Power Hitter,117.36618004866179,335.0,111.0
MK Tiwary,3,Steady Opener,113.83478844862324,156.0,40.0
ML Hayden,3,Steady Opener,131.94278903456495,121.0,44.0
MM Ali,3,Steady Opener,136.86690223792698,95.0,67.0
MM Patel,4,Rotation Specialist,95.1219512195122,5.0,0.0
MM Sharma,4,Rotation Specialist,90.51094890510949,9.0,4.0
MN Samuels,4,Rotation Specialist,92.52873563218391,9.0,7.0
MN van Wyk,3,Steady Opener,123.7037037037037,19.0,1.0
MP Stoinis,3,Steady Opener,136.60322108345534,150.0,91.0
MR Marsh,3,Steady Opener,125.0,48.0,38.0
MS Bisla,3,Steady Opener,108.27679782903662,93.0,23.0
MS Dhoni,0,Power Hitter,132.8350646060299,363.0,252.0
MS Gony,4,Rotation Specialist,130.26315789473685,6.0,8.0
MS Wade,4,Rotation Specialist,98.91891891891892,23.0,2.0
MV Boucher,4,Rotation Specialist,123.89937106918238,32.0,13.0
MW Short,3,Steady Opener,118.18181818181819,15.0,4.0
Mandeep Singh,4,Rotation Specialist,120.31029619181946,176.0,38.0
Mashrafe Mortaza,4,Rotation Specialist,100.0,0.0,0.0
Mayank Dagar,1,Anchor Batsman,0.0,0.0,0.0
Misbah-ul-Haq,4,Rotation Specialist,142.6829268292683,10.0,6.0
Mohammad Ashraful,1,Anchor Batsman,16.666666666666664,0.0,0.0
Mohammad Asif,1,Anchor Batsman,50.0,0.0,0.0
Mohammad Hafeez,4,Rotation Specialist,76.19047619047619,7.0,2.0
Mohammad Nabi,4,Rotation Specialist,140.76433121019107,18.0,12.0
Mohammed Shami,4,Rotation Specialist,90.2439024390244,6.0,2.0
Mohammed Siraj,4,Rotation Specialist,89.34426229508196,10.0,4.0
Mohit Rathee,1,Anchor Batsman,50.0,0.0,0.0
Mohsin Khan,4,Rotation Specialist,92.5925925925926,2.0,1.0
Mujeeb Ur Rahman,1,Anchor Batsman,80.0,2.0,0.0
Mukesh Choudhary,4,Rotation Specialist,100.0,1.0,0.0
Mukesh Kumar,2,Aggressive Finisher,50.0,0.0,0.0
Mustafizur Rahman,2,Aggressive Finisher,56.52173913043478,0.0,1.0
N Jagadeesan,4,Rotation Specialist,104.51612903225806,21.0,2.0
N Pooran,3,Steady Opener,154.7681539807524,113.0,127.0
N Rana,0,Power Hitter,130.81885856079404,234.0,132.0
N Saini,4,Rotation Specialist,97.9020979020979,16.0,0.0
N Wadhera,3,Steady Opener,134.09961685823754,32.0,18.0
ND Doshi,1,Anchor Batsman,0.0,0.0,0.0
NJ Maddinson,1,Anchor Batsman,95.23809523809523,4.0,0.0
NJ Rimmington,4,Rotation Specialist,100.0,0.0,0.0
NK Patel,3,Steady Opener,97.58064516129032,14.0,1.0
NL McCullum,2,Aggressive Finisher,113.04347826086956,0.0,1.0
NLTC Perera,4,Rotation Specialist,130.06134969325154,23.0,26.0
NM Coulter-Nile,4,Rotation Specialist,109.33333333333333,7.0,4.0
NS Naik,2,Aggressive Finisher,58.490566037735846,2.0,0.0
NT Ellis,2,Aggressive Finisher,73.07692307692307,0.0,1.0
NV Ojha,3,Steady Opener,114.26470588235293,121.0,79.0
Naman Dhir,3,Steady Opener,166.66666666666669,12.0,10.0
Navdeep Saini,4,Rotation Specialist,86.8421052631579,3.0,0.0
Naveen-ul-Haq,1,Anchor Batsman,69.23076923076923,2.0,0.0
Nithish Kumar Reddy,3,Steady Opener,137.10407239819006,15.0,21.0
Noor Ahmad,1,Anchor Batsman,72.22222222222221,2.0,0.0
OA Shah,3,Steady Opener,124.93827160493827,34.0,23.0
OC McCoy,4,Rotation Specialist,160.0,0.0,1.0
OF Smith,4,Rotation Specialist,102.0,1.0,5.0
P Awana,1,Anchor Batsman,35.714285714285715,0.0,0.0
P Chopra,4,Rotation Specialist,133.33333333333331,2.0,0.0
P Dogra,4,Rotation Specialist,90.0709219858156,4.0,5.0
P Dubey,2,Aggressive Finisher,69.6969696969697,2.0,0.0
P Kumar,4,Rotation Specialist,105.26315789473684,22.0,17.0
P Negi,4,Rotation Specialist,121.26245847176081,27.0,16.0
P Parameswaran,1,Anchor Batsman,33.33333333333333,0.0,0.0
P Ray Barman,4,Rotation Specialist,76.0,2.0,0.0
P Sahu,4,Rotation Specialist,146.15384615384613,1.0,1.0
P Simran Singh,3,Steady Opener,143.1818181818182,78.0,41.0
PA Patel,0,Power Hitter,116.62571662571663,365.0,49.0
PA Reddy,4,Rotation Specialist,98.20359281437125,15.0,2.0
PBB Rajapaksa,3,Steady Opener,137.81094527363186,22.0,15.0
PC Valthaty,3,Steady Opener,116.89814814814814,61.0,20.0
PD Collingwood,3,Steady Opener,127.67295597484276,9.0,13.0
PD Salt,3,Steady Opener,169.6103896103896,74.0,34.0
PJ Cummins,4,Rotation Specialist,143.4540389972145,33.0,34.0
PJ Sangwan,2,Aggressive Finisher,55.319148936170215,1.0,0.0
PK Garg,4,Rotation Specialist,110.5263157894737,16.0,9.0
PM Sarvesh Kumar,1,Anchor Batsman,50.0,0.0,0.0
PN Mankad,3,Steady Opener,129.33333333333331,13.0,2.0
PP Chawla,4,Rotation Specialist,107.58620689655172,56.0,20.0
PP Ojha,2,Aggressive Finisher,35.55555555555556,0.0,0.0
PP Shaw,3,Steady Opener,143.22482967448903,238.0,61.0
PR Shah,4,Rotation Specialist,94.84536082474226,9.0,2.0
PSP Handscomb,2,Aggressive Finisher,50.0,0.0,0.0
PV Tambe,2,Aggressive Finisher,46.15384615384615,1.0,0.0
PVD Chameera,4,Rotation Specialist,134.375,3.0,3.0
PWH de Silva,4,Rotation Specialist,90.0,7.0,1.0
Pankaj Singh,2,Aggressive Finisher,58.333333333333336,0.0,0.0
Parvez Rasool,2,Aggressive Finisher,85.0,1.0,0.0
Q de Kock,0,Power Hitter,131.12033195020746,316.0,123.0
R Ashwin,4,Rotation Specialist,114.61318051575931,61.0,28.0
R Bhatia,4,Rotation Specialist,117.9310344827586,24.0,13.0
R Bishnoi,4,Rotation Specialist,111.76470588235294,1.0,2.0
R Dhawan,4,Rotation Specialist,111.70212765957446,18.0,7.0
R Dravid,3,Steady Opener,113.34723670490095,269.0,28.0
R McLaren,4,Rotation Specialist,89.32584269662921,14.0,1.0
R Ninan,1,Anchor Batsman,50.0,0.0,0.0
R Parag,3,Steady Opener,129.04290429042905,84.0,60.0
R Powell,4,Rotation Specialist,141.73228346456693,21.0,28.0
R Rampaul,4,Rotation Specialist,98.07692307692307,3.0,2.0
R Ravindra,3,Steady Opener,152.05479452054794,22.0,12.0
R Sai Kishore,3,Steady Opener,216.66666666666666,0.0,2.0
R Sanjay Yadav,1,Anchor Batsman,0.0,0.0,0.0
R Sathish,4,Rotation Specialist,114.40677966101696,22.0,6.0
R Sharma,1,Anchor Batsman,85.71428571428571,5.0,3.0
R Shepherd,4,Rotation Specialist,169.11764705882354,7.0,10.0
R Shukla,4,Rotation Specialist,82.6086956521739,2.0,0.0
R Tewatia,3,Steady Opener,128.55329949238578,84.0,47.0
R Vinay Kumar,4,Rotation Specialist,107.26643598615917,21.0,9.0
RA Bawa,4,Rotation Specialist,78.57142857142857,1.0,0.0
RA Jadeja,0,Power Hitter,124.4322960470984,215.0,107.0
RA Tripathi,3,Steady Opener,135.51515151515153,223.0,84.0
RD Chahar,4,Rotation Specialist,101.5748031496063,13.0,5.0
RD Gaikwad,0,Power Hitter,133.63279056709715,217.0,91.0
RE Levi,4,Rotation Specialist,112.16216216216218,10.0,4.0
RE van der Merwe,4,Rotation Specialist,110.41666666666667,11.0,8.0
RG More,4,Rotation Specialist,100.0,0.0,0.0
RG Sharma,0,Power Hitter,127.91819409608335,599.0,281.0
RJ Gleeson,4,Rotation Specialist,100.0,0.0,0.0
RJ Harris,4,Rotation Specialist,104.46428571428572,6.0,3.0
RJ Peterson,4,Rotation Specialist,100.0,3.0,1.0
RJ Quiney,4,Rotation Specialist,98.09523809523809,12.0,3.0
RJW Topley,1,Anchor Batsman,50.0,0.0,0.0
RK Bhui,2,Aggressive Finisher,37.03703703703704,0.0,0.0
RK Singh,3,Steady Opener,136.54434250764527,67.0,46.0
RM Patidar,3,Steady Opener,149.625468164794,51.0,54.0
RN ten Doeschate,4,Rotation Specialist,136.9747899159664,26.0,15.0
RP Meredith,1,Anchor Batsman,0.0,0.0,0.0
RP Singh,2,Aggressive Finisher,66.66666666666666,2.0,1.0
RR Bhatkal,1,Anchor Batsman,0.0,0.0,0.0
RR Pant,0,Power Hitter,143.59756097560975,298.0,154.0
RR Powar,4,Rotation Specialist,104.6875,6.0,1.0
RR Raje,4,Rotation Specialist,111.11111111111111,1.0,1.0
RR Rossouw,3,Steady Opener,147.35202492211837,45.0,25.0
RR Sarwan,4,Rotation Specialist,93.58974358974359,6.0,1.0
RS Bopara,3,Steady Opener,113.46153846153845,39.0,16.0
RS Gavaskar,1,Anchor Batsman,25.0,0.0,0.0
RS Sodhi,4,Rotation Specialist,200.0,1.0,0.0
RT Ponting,2,Aggressive Finisher,70.54263565891473,5.0,2.0
RV Gomez,4,Rotation Specialist,94.33962264150944,5.0,1.0
RV Patel,4,Rotation Specialist,105.26315789473684,6.0,2.0
RV Uthappa,0,Power Hitter,126.15227909345556,481.0,182.0
Rahmanullah Gurbaz,3,Steady Opener,126.75438596491229,24.0,19.0
Ramandeep Singh,4,Rotation Specialist,160.37735849056605,8.0,13.0
Rashid Khan,4,Rotation Specialist,153.52112676056336,39.0,38.0
Rasikh Salam,4,Rotation Specialist,100.0,5.0,0.0
Ravi Bishnoi,2,Aggressive Finisher,61.53846153846154,2.0,0.0
S Anirudha,4,Rotation Specialist,112.39669421487604,9.0,7.0
S Aravind,4,Rotation Specialist,100.0,7.0,0.0
S Badree,2,Aggressive Finisher,52.0,0.0,0.0
S Badrinath,3,Steady Opener,115.74297188755021,154.0,28.0
S Chanderpaul,4,Rotation Specialist,75.75757575757575,4.0,0.0
S Dhawan,0,Power Hitter,123.45431333211745,768.0,153.0
S Dube,3,Steady Opener,139.46146703806872,86.0,101.0
S Gopal,4,Rotation Specialist,104.04624277456647,19.0,2.0
S Kaul,2,Aggressive Finisher,55.55555555555556,1.0,0.0
S Kaushik,1,Anchor Batsman,0.0,0.0,0.0
S Ladda,1,Anchor Batsman,0.0,0.0,0.0
S Lamichhane,1,Anchor Batsman,0.0,0.0,0.0
S Nadeem,2,Aggressive Finisher,44.31818181818182,2.0,0.0
S Narwal,4,Rotation Specialist,127.58620689655173,6.0,0.0
S Rana,4,Rotation Specialist,110.97560975609757,9.0,1.0
S Randiv,1,Anchor Batsman,50.0,0.0,0.0
S Sohal,3,Steady Opener,118.32797427652733,34.0,18.0
S Sreesanth,1,Anchor Batsman,59.64912280701754,6.0,0.0
S Sriram,4,Rotation Specialist,81.57894736842105,3.0,0.0
S Tyagi,4,Rotation Specialist,75.0,0.0,0.0
S Vidyut,3,Steady Opener,126.08695652173914,21.0,3.0
SA Abbott,4,Rotation Specialist,122.22222222222223,1.0,2.0
SA Asnodkar,3,Steady Opener,120.17045454545455,56.0,10.0
SA Yadav,0,Power Hitter,142.50594766058683,385.0,130.0
SB Bangar,4,Rotation Specialist,84.48275862068965,1.0,3.0
SB Dubey,4,Rotation Specialist,157.14285714285714,3.0,2.0
SB Jakati,4,Rotation Specialist,93.33333333333333,3.0,0.0
SB Joshi,2,Aggressive Finisher,37.5,0.0,0.0
SB Styris,4,Rotation Specialist,97.76119402985076,10.0,3.0
SB Wagh,1,Anchor Batsman,66.66666666666666,0.0,0.0
SC Ganguly,3,Steady Opener,101.73453996983409,137.0,42.0
SD Chitnis,4,Rotation Specialist,107.6086956521739,10.0,2.0
SD Hope,3,Steady Opener,146.4,12.0,12.0
SD Lad,4,Rotation Specialist,115.38461538461537,1.0,1.0
SE Bond,1,Anchor Batsman,50.0,0.0,0.0
SE Marsh,0,Power Hitter,130.10977522216413,269.0,78.0
SE Rutherford,4,Rotation Specialist,99.06542056074767,3.0,8.0
SH Johnson,4,Rotation Specialist,85.71428571428571,1.0,0.0
SJ Srivastava,4,Rotation Specialist,100.0,0.0,0.0
SK Raina,0,Power Hitter,132.53531242518554,506.0,204.0
SK Trivedi,2,Aggressive Finisher,68.85245901639344,3.0,1.0
SK Warne,4,Rotation Specialist,90.41095890410958,14.0,6.0
SL Malinga,4,Rotation Specialist,85.43689320388349,6.0,5.0
SM Curran,3,Steady Opener,131.2035661218425,74.0,37.0
SM Harwood,2,Aggressive Finisher,64.28571428571429,0.0,0.0
SM Katich,3,Steady Opener,126.17801047120419,26.0,8.0
SM Pollock,3,Steady Opener,126.72413793103448,12.0,8.0
SMSM Senanayake,2,Aggressive Finisher,58.82352941176471,0.0,0.0
SN Khan,3,Steady Opener,128.28947368421052,63.0,14.0
SN Thakur,4,Rotation Specialist,134.64912280701756,27.0,13.0
SO Hetmyer,3,Steady Opener,145.5503512880562,76.0,82.0
SP Fleming,3,Steady Opener,114.61988304093566,27.0,3.0
SP Goswami,4,Rotation Specialist,95.43973941368078,32.0,3.0
SP Jackson,4,Rotation Specialist,107.01754385964912,5.0,1.0
SP Narine,3,Steady Opener,155.8943089430894,164.0,97.0
SPD Smith,3,Steady Opener,124.81240620310155,226.0,60.0
SR Tendulkar,3,Steady Opener,114.18786692759295,296.0,29.0
SR Watson,0,Power Hitter,134.1632088520055,377.0,190.0
SS Cottrell,1,Anchor Batsman,0.0,0.0,0.0
SS Iyer,0,Power Hitter,123.02554027504911,272.0,113.0
SS Prabhudessai,4,Rotation Specialist,111.50442477876106,11.0,4.0
SS Shaikh,4,Rotation Specialist,85.71428571428571,1.0,0.0
SS Tiwary,3,Steady Opener,115.72424477149497,111.0,50.0
ST Jayasuriya,3,Steady Opener,134.03141361256544,84.0,39.0
STR Binny,4,Rotation Specialist,125.71428571428571,66.0,35.0
SV Samson,0,Power Hitter,135.1376146788991,352.0,206.0
SW Billings,3,Steady Opener,126.06516290726817,40.0,20.0
SW Tait,4,Rotation Specialist,88.46153846153845,1.0,1.0
SZ Mulani,4,Rotation Specialist,100.0,0.0,0.0
Sachin Baby,4,Rotation Specialist,117.07317073170731,11.0,5.0
Salman Butt,3,Steady Opener,112.20930232558139,30.0,2.0
Sameer Rizvi,4,Rotation Specialist,118.6046511627907,4.0,2.0
Sandeep Sharma,2,Aggressive Finisher,73.97260273972603,4.0,0.0
Sanvir Singh,4,Rotation Specialist,113.63636363636364,2.0,1.0
Saurav Chauhan,4,Rotation Specialist,112.5,1.0,1.0
Shahbaz Ahmed,3,Steady Opener,114.77516059957173,28.0,25.0
Shahid Afridi,4,Rotation Specialist,176.08695652173913,7.0,6.0
Shakib Al Hasan,4,Rotation Specialist,119.54887218045114,73.0,21.0
Shashank Singh,3,Steady Opener,155.51470588235296,33.0,25.0
Shivam Mavi,4,Rotation Specialist,87.93103448275862,4.0,2.0
Shivam Sharma,4,Rotation Specialist,166.66666666666669,1.0,0.0
Shivam Singh,4,Rotation Specialist,66.66666666666666,0.0,0.0
Shoaib Ahmed,1,Anchor Batsman,16.666666666666664,0.0,0.0
Shoaib Akhtar,1,Anchor Batsman,25.0,0.0,0.0
Shoaib Malik,4,Rotation Specialist,106.12244897959184,5.0,0.0
Shubman Gill,0,Power Hitter,132.23684210526315,310.0,95.0
Sikandar Raza,3,Steady Opener,127.27272727272727,12.0,8.0
Simarjeet Singh,4,Rotation Specialist,87.5,0.0,0.0
Sohail Tanvir,4,Rotation Specialist,116.12903225806453,3.0,1.0
Sumit Kumar,1,Anchor Batsman,69.23076923076923,2.0,1.0
Sunny Gupta,1,Anchor Batsman,0.0,0.0,0.0
Sunny Singh,4,Rotation Specialist,138.70967741935485,6.0,1.0
Swapnil Singh,4,Rotation Specialist,110.86956521739131,3.0,3.0
T Banton,4,Rotation Specialist,81.81818181818183,1.0,1.0
T Henderson,2,Aggressive Finisher,68.75,0.0,1.0
T Kohler-Cadmore,4,Rotation Specialist,88.88888888888889,7.0,1.0
T Kohli,2,Aggressive Finisher,55.00000000000001,0.0,1.0
T Natarajan,4,Rotation Specialist,60.0,0.0,0.0
T Shamsi,1,Anchor Batsman,50.0,0.0,0.0
T Stubbs,3,Steady Opener,169.4560669456067,26.0,26.0
T Taibu,4,Rotation Specialist,119.23076923076923,3.0,0.0
T Thushara,2,Aggressive Finisher,63.1578947368421,0.0,0.0
TA Boult,4,Rotation Specialist,101.21951219512195,5.0,3.0
TD Paine,2,Aggressive Finisher,34.48275862068966,0.0,0.0
TG Southee,4,Rotation Specialist,111.11111111111111,8.0,4.0
TH David,3,Steady Opener,158.0335731414868,38.0,46.0
TK Curran,4,Rotation Specialist,117.59259259259258,10.0,3.0
TL Seifert,4,Rotation Specialist,100.0,4.0,0.0
TL Suman,4,Rotation Specialist,115.1618398637138,55.0,26.0
TM Dilshan,3,Steady Opener,110.12416427889207,140.0,24.0
TM Head,3,Steady Opener,168.5589519650655,76.0,40.0
TM Srivastava,4,Rotation Specialist,72.72727272727273,0.0,0.0
TR Birt,4,Rotation Specialist,127.11864406779661,9.0,2.0
TS Mills,1,Anchor Batsman,57.14285714285714,0.0,1.0
TU Deshpande,4,Rotation Specialist,140.0,2.0,1.0
Tanush Kotian,3,Steady Opener,75.0,3.0,0.0
Tilak Varma,3,Steady Opener,139.27710843373492,90.0,58.0
U Kaul,1,Anchor Batsman,0.0,0.0,0.0
UA Birla,1,Anchor Batsman,46.666666666666664,1.0,0.0
UBT Chand,4,Rotation Specialist,95.54140127388536,32.0,9.0
UT Khawaja,3,Steady Opener,120.95238095238095,14.0,3.0
UT Yadav,4,Rotation Specialist,98.5781990521327,16.0,9.0
Umar Gul,4,Rotation Specialist,205.26315789473685,1.0,5.0
Umran Malik,4,Rotation Specialist,143.75,1.0,2.0
V Kohli,0,Power Hitter,128.51186658114176,708.0,273.0
V Pratap Singh,1,Anchor Batsman,0.0,0.0,0.0
V Sehwag,0,Power Hitter,148.82705946535734,334.0,106.0
V Shankar,3,Steady Opener,125.2808988764045,80.0,45.0
V Viyaskanth,4,Rotation Specialist,140.0,0.0,0.0
VG Arora,2,Aggressive Finisher,52.94117647058824,0.0,0.0
VH Zol,4,Rotation Specialist,111.53846153846155,3.0,1.0
VR Aaron,2,Aggressive Finisher,68.4931506849315,2.0,2.0
VR Iyer,3,Steady Opener,132.6,121.0,61.0
VRV Singh,4,Rotation Specialist,133.33333333333331,1.0,0.0
VS Malik,4,Rotation Specialist,100.0,1.0,0.0
VS Yeligati,4,Rotation Specialist,100.0,0.0,0.0
VVS Laxman,4,Rotation Specialist,104.0590405904059,33.0,5.0
VY Mahesh,2,Aggressive Finisher,53.57142857142857,0.0,0.0
Vijaykumar Vyshak,4,Rotation Specialist,107.6923076923077,0.0,1.0
Virat Singh,2,Aggressive Finisher,57.692307692307686,1.0,0.0
Vishnu Vinod,4,Rotation Specialist,96.55172413793103,3.0,3.0
Vivrant Sharma,3,Steady Opener,140.81632653061226,9.0,2.0
W Jaffer,4,Rotation Specialist,100.7751937984496,14.0,3.0
WA Mota,2,Aggressive Finisher,73.68421052631578,2.0,0.0
WD Parnell,2,Aggressive Finisher,75.5813953488372,4.0,1.0
WG Jacks,3,Steady Opener,172.93233082706766,16.0,18.0
WP Saha,0,Power Hitter,123.90202702702702,296.0,87.0
WPUJC Vaas,4,Rotation Specialist,110.95890410958904,2.0,3.0
Washington Sundar,4,Rotation Specialist,110.85043988269794,32.0,9.0
X Thalaivan Sargunam,2,Aggressive Finisher,58.82352941176471,0.0,0.0
Y Gnaneswara Rao,3,Steady Opener,105.55555555555556,3.0,0.0
Y Nagar,4,Rotation Specialist,105.1660516605166,20.0,9.0
Y Prithvi Raj,1,Anchor Batsman,0.0,0.0,0.0
Y Venugopal Rao,3,Steady Opener,113.87283236994219,77.0,37.0
YA Abdulla,1,Anchor Batsman,0.0,0.0,0.0
YBK Jaiswal,3,Steady Opener,146.7579908675799,199.0,64.0
YK Pathan,0,Power Hitter,138.04627249357327,263.0,161.0
YS Chahal,2,Aggressive Finisher,41.57303370786517,0.0,0.0
YV Dhull,2,Aggressive Finisher,69.56521739130434,1.0,0.0
YV Takawale,3,Steady Opener,104.91803278688525,26.0,3.0
Yash Dayal,1,Anchor Batsman,0.0,0.0,0.0
Yashpal Singh,4,Rotation Specialist,70.1492537313433,5.0,0.0
Younis Khan,1,Anchor Batsman,42.857142857142854,0.0,0.0
Yudhvir Singh,4,Rotation Specialist,137.5,1.0,2.0
Yuvraj Singh,0,Power Hitter,124.78477571363842,218.0,149.0
Z Khan,4,Rotation Specialist,82.97872340425532,11.0,2.0
